<Schema name="dwh">
  <Dimension name="ba_code">
    <Hierarchy hasAll="true">
    <View alias="FACT">
        <SQL dialect="generic">
         <![CDATA[select * from dwh_rec_wallet_op]]>
        </SQL>
    </View>
      <Level name="ba_code" uniqueMembers="false" column="ba_code" type="String">
      </Level>
    </Hierarchy>
  </Dimension>
  <Dimension name="mrr_date">
    <Hierarchy hasAll="true">
    <View alias="FACT">
        <SQL dialect="generic">
         <![CDATA[select * from dwh_rec_wallet_op]]>
        </SQL>
    </View>
      <Level name="mrr_date" uniqueMembers="false" column="mrr_date" type="Date">
      </Level>
    </Hierarchy>
  </Dimension>
  <Dimension name="offer_code">
    <Hierarchy hasAll="true">
    <View alias="FACT">
        <SQL dialect="generic">
         <![CDATA[select * from dwh_rec_wallet_op]]>
        </SQL>
    </View>
      <Level name="offer_code" uniqueMembers="false" column="offer_code" type="String">
      </Level>
    </Hierarchy>
  </Dimension>
  <Cube name="dwh">
    <View alias="FACT">
        <SQL dialect="generic">
         <![CDATA[select * from dwh_rec_wallet_op]]>
        </SQL>
    </View>
    <DimensionUsage name="ba_code" source="ba_code"/>
    <DimensionUsage name="mrr_date" source="mrr_date"/>
    <DimensionUsage name="offer_code" source="offer_code"/>
    <Measure name="mrr_value" column="mrr_value" aggregator="sum" formatString="&#x23;"/>
  </Cube>
</Schema>